{
    "data": {
        "2:165558252:T:C": {
            "credible_sets": [
                {
                    "set_id": 1,
                    "coverage": 0.95,
                    "variants": {
                        "data": {
                            "beta": [
                                -0.0843871,
                                -0.0800953,
                                -0.079687,
                                -0.0801037,
                                -0.0800328,
                                -0.0800363,
                                -0.0794901,
                                -0.0792296,
                                -0.0792328,
                                -0.0792366,
                                -0.079315,
                                -0.0788476,
                                -0.0790854,
                                -0.0786601,
                                -0.0791393,
                                -0.0802137,
                                -0.0779285,
                                -0.0778656,
                                -0.079105,
                                -0.0790216,
                                -0.0790482,
                                -0.0787899,
                                -0.0786854,
                                -0.0786563,
                                -0.0786037,
                                -0.0788017,
                                -0.0787353,
                                -0.0784171,
                                -0.0796456
                            ],
                            "chromosome": [
                                2,
                                2,
                                2,
                                2,
                                2,
                                2,
                                2,
                                2,
                                2,
                                2,
                                2,
                                2,
                                2,
                                2,
                                2,
                                2,
                                2,
                                2,
                                2,
                                2,
                                2,
                                2,
                                2,
                                2,
                                2,
                                2,
                                2,
                                2,
                                2
                            ],
                            "log_pvalue": [
                                9.58716496158466,
                                9.267605435928736,
                                9.171597276772422,
                                9.273400735209403,
                                9.258420622961351,
                                9.255995077018342,
                                9.141725744462526,
                                9.084675631989398,
                                9.08562722088107,
                                9.08645475176323,
                                9.102995660501035,
                                8.99453634428382,
                                9.05409094266488,
                                8.954821810173478,
                                9.06473362784264,
                                9.290374775410228,
                                8.984950565777197,
                                8.971148254392785,
                                9.02453969903082,
                                9.010479882154439,
                                9.013335733334065,
                                8.961054140012186,
                                8.911658334820242,
                                8.93415896568028,
                                8.924788925541298,
                                8.964130186304448,
                                8.950320784408172,
                                8.883412178233911,
                                9.130523618388292
                            ],
                            "position": [
                                166144850,
                                166146614,
                                166147655,
                                166148324,
                                166148862,
                                166150300,
                                166151876,
                                166155129,
                                166156033,
                                166156146,
                                166156366,
                                166156963,
                                166160188,
                                166161723,
                                166163667,
                                166167166,
                                166185707,
                                166185721,
                                166186923,
                                166190881,
                                166192403,
                                166197227,
                                166197765,
                                166200881,
                                166205946,
                                166207275,
                                166207877,
                                166214250,
                                166222685
                            ],
                            "ref_allele": [
                                "G",
                                "T",
                                "G",
                                "A",
                                "T",
                                "G",
                                "A",
                                "G",
                                "G",
                                "G",
                                "G",
                                "A",
                                "G",
                                "T",
                                "C",
                                "T",
                                "A",
                                "A",
                                "A",
                                "A",
                                "C",
                                "T",
                                "G",
                                "A",
                                "A",
                                "G",
                                "G",
                                "G",
                                "T"
                            ],
                            "ref_allele_freq": [
                                0.227191,
                                0.248175,
                                0.247759,
                                0.24823,
                                0.248213,
                                0.248199,
                                0.248295,
                                0.248269,
                                0.248252,
                                0.248252,
                                0.248239,
                                0.24782,
                                0.248228,
                                0.24781,
                                0.248264,
                                0.247973,
                                0.256703,
                                0.25671,
                                0.246424,
                                0.246583,
                                0.2464,
                                0.246518,
                                0.245989,
                                0.246516,
                                0.24661,
                                0.246532,
                                0.246499,
                                0.246483,
                                0.246213
                            ],